{"model1a": 0.4214346885158393, "model1b": 0.3680438705400346, "model1c": 0.3758612621173864, "model1d": 0.3667101573014846, "model1e": 0.35703752802547395, "model2": 0.4922658251014944}