{"model1e": [1154.9968797907886, 0.42264016809142385, 0.36067698150310284, 0.37364724245203956, 0.48262758418843243, 0.44321141983478796, 0.6161716134825336, 0.4457801710054602, 0.5865974356758757, 0.41486634628373736, 0.48789092978262494, 0.4058930206823023, 0.6326669750390674], "model1d": [984.8527362469513, 0.6285709272378305, 0.4958907688597652, 0.4049398873627227, 0.4119217061545709, 0.4123145767618634, 0.3665299852524323, 0.4442816995201123, 0.4047345292492246, 0.4250912388780296, 0.48989202362828815, 0.4959524669143739, 0.6572264245594662, 0.8472028378286334, 0.5723245980792938, 0.6682165355466126, 0.467038203140593], "model1c": [1152.036196596083, 0.608805660288006, 0.5109344015651799, 0.38071248437792404, 0.3854474698573689, 0.41846743426239436, 0.370110933914273, 0.451205992202456, 0.3827476270175404, 0.4329052968870891, 0.4479565669056605, 0.5414136193916488, 0.6600533782681511, 0.7374931465900401, 0.5796575661663068, 0.6706100796479313, 0.4458109659593459], "model1b": [1006.8905977063852, 0.6347022857193113, 0.5223484835831803, 0.3923977446382243, 0.41261998217853074, 0.47212989398880784, 0.39788658731430715, 0.4976353181735433, 0.36147869018462603, 0.477808961064381, 0.48721568945181903, 0.6261396172606555, 0.5337274791638602, 0.5453417974731395, 0.6108048853722977, 0.6697270125454412, 0.44406025131612403, 0.3924418786464574, 0.6019011178979845], "model1a": [1112.970997529657, 0.5545539481262, 0.5557742578496984, 0.6896691136733668, 0.5011754268274714, 0.4576633675918724, 1.1829657056688572, 0.5030423995961099, 0.5854925785628559, 0.5077311292200176, 0.5518794302113914, 0.6904054605631132, 0.5007362076407113, 0.45193548649089454, 1.1907001284789542, 0.5088967185542181, 0.5907124112867419, 0.512220640693441, 1.0575846424730713, 1.100532483315416, 0.4397569859057111, 0.988629415939118, 0.41272735665277, 0.6862775601314928, 0.4813840497839673, 0.48261653334266247, 0.6877212772797645, 1.0217762938995694, 0.4418041083882186, 0.4540058531352947, 0.46776102368725325, 1.5128867138162838, 0.48288078556785924], "model2": [1027.0720225434445, 0.5558800983220015, 0.4812826105762874, 0.5143313072255982, 0.5723851561917868, 0.5114301485874156, 0.6149326483985148, 0.5699008622045235, 0.6301649719552428, 0.5859669848582211, 0.5727667929445249, 0.6569970785287793, 0.6012796031082666]}